# The `just test-eventfd-x86` scenario: the eventfd readiness primitive, driven
# by `/bin/eventfdtest`.
#
#   FEED_SCENARIO=tools/smoke/eventfd.tsv sh tools/smoke/feed.sh <log> <seconds> <qemu command…>
#
# One step per line, as `tools/smoke/scenario.tsv` documents: the command, a tab, and the
# whole line its output must produce.
#
# `eventfdtest` is non-interactive and prints the line below only after the counter
# semantics and a cross-process wake of a blocked poll all passed. A wake that never
# arrives hangs the parent's `poll(-1)`, which the gate reports as a stopped scenario.

/bin/eventfdtest	eventfdtest: PASS
