# The `just test-select-x86` scenario: the readiness primitives, driven by
# `/bin/seltest`.
#
#   FEED_SCENARIO=tools/smoke/select.tsv sh tools/smoke/feed.sh <log> <seconds> <qemu command…>
#
# One step per line, as `tools/smoke/scenario.tsv` documents: the command, a tab, and the
# whole line its output must produce.
#
# `seltest` is non-interactive — every step is a pipe it made itself — so the one line
# below is printed only after select/poll readiness, both poll timeouts, a real select timeout,
# and (the last step, and the one that used to hang) a poll on a pipe carrying no deadline that
# a forked child's write has to wake. The timeout steps assert an elapsed window too; a deadline
# that never fires would hang instead of failing.

/bin/seltest	seltest: PASS
